NetBIOS-ХЛЪ ЙНЛОЭЧРЕПЮ,яЕПХИМШИ МНЛЕП,лЕЯРНОНКНФЕМХЕ
PC010001,CZC5141KRX,днонкмхрекэмши нтхя йпелкебяйхи
PC010002,RUA40700GV,тхкхюк мхфецнпндяйхи
PC010003,RUA117000K,тхкхюк мхфецнпндяйхи
PC010004,CZC538300P,тхкхюк мхфецнпндяйхи
PC010006,RUA402018Y,тхкхюк мхфецнпндяйхи
PC010007,CZC434400S,тхкхюк мхфецнпндяйхи
PC01000707,CZC434400S,
PC010008,CZC4344001,тхкхюк мхфецнпндяйхи
PC010009,RUA33207FT,тхкхюк мхфецнпндяйхи
PC010010,CZC4423DXN,
PC010011,CZC7467GKW,
PC010012,CZC4312FHM,тхкхюк мхфецнпндяйхи
PC010013,CZC9027571,тхкхюк мхфецнпндяйхи
PC010014,RUA409004H,тхкхюк мхфецнпндяйхи
PC010015,CZC5471MC7,тхкхюк мхфецнпндяйхи
PC010016,CZC5383009,тхкхюк мхфецнпндяйхи
PC010017,CZC4312F10,тхкхюк мхфецнпндяйхи
PC010018,CZC731735X,тхкхюк мхфецнпндяйхи
PC010019,CZC4344016,тхкхюк мхфецнпндяйхи
PC010020,CZC4344095,тхкхюк мхфецнпндяйхи
PC010021,CZC434401Z,тхкхюк мхфецнпндяйхи
PC010022,CZC7357HRH,тхкхюк мхфецнпндяйхи
PC010023,CZC6427FTZ,тхкхюк мхфецнпндяйхи
PC010024,CZC5471MB8,пецхнмюкэмше нтхяш/мхфецнпндяйхи йсяр/мхфмхи мнбцнпнд/тхкхюк-мхфецнпндяйхи
PC010025,RUA33703YM,днонкмхрекэмши нтхя йпелкебяйхи
PC010026,CZC6427679,днонкмхрекэмши нтхя йпелкебяйхи
PC010027,CZC7457NBN,
PC010028,CZC4344014,тхкхюк мхфецнпндяйхи
PC010029,CZC7508HDY,днонкмхрекэмши нтхя йпелкебяйхи
PC010030,RUA24600KQ,тхкхюк мхфецнпндяйхи
PC010031,RUA40700GG,тхкхюк мхфецнпндяйхи
PC010032,CZC434400G,тхкхюк мхфецнпндяйхи
PC010033,CZC434400T,
PC010034,RUA117000J,тхкхюк мхфецнпндяйхи
PC010035,CZC5382ZZX,тхкхюк мхфецнпндяйхи
PC010036,CZC7457RL0,
PC010037,CZC434408N,тхкхюк мхфецнпндяйхи
PC010038,CZC4312F1P,тхкхюк мхфецнпндяйхи
PC010039,RUA116008W,тхкхюк мхфецнпндяйхи
PC010040,RUA13303C4,тхкхюк мхфецнпндяйхи
PC010041,CZC4423DXN,тхкхюк мхфецнпндяйхи
PC010042,CZC42552NN,тхкхюк мхфецнпндяйхи
PC010043,CZC7457NB0,
PC010044,CZC5382ZZT,тхкхюк мхфецнпндяйхи
PC010045,RUA117000S,днонкмхрекэмши нтхя йпелкебяйхи
PC010046,RUA33009ZL,тхкхюк мхфецнпндяйхи
PC010047,RUA33009V4,тхкхюк мхфецнпндяйхи
PC010048,CZC4255582,
PC010049,CZC5021WQV,тхкхюк мхфецнпндяйхи
PC010050,RUA2490606,днонкмхрекэмши нтхя йпелкебяйхи
PC010051,RUA32303Y6,тхкхюк мхфецнпндяйхи
PC010052,CZC5471MD5,тхкхюк мхфецнпндяйхи
PC010054,CZC5471MC3,тхкхюк мхфецнпндяйхи
PC010055,RUA409004X,тхкхюк мхфецнпндяйхи
PC010057,CZC731735Q,днонкмхрекэмши нтхя йпелкебяйхи
PC010058,CZC4312F6R,тхкхюк мхфецнпндяйхи
PC010059,CZC42552ND,тхкхюк мхфецнпндяйхи
PC010060,RUA4090045,тхкхюк мхфецнпндяйхи
PC010061,CZC5022415,тхкхюк мхфецнпндяйхи
PC010062,RUA318045V,днонкмхрекэмши нтхя йпелкебяйхи
PC010063,RUA34700SV,тхкхюк мхфецнпндяйхи
PC010064,CZC6337ZF5,тхкхюк мхфецнпндяйхи
PC010065,CZC6427FTM,тхкхюк мхфецнпндяйхи
PC010066,CZC5382ZZP,тхкхюк мхфецнпндяйхи
PC010067,CZC42552T3,тхкхюк мхфецнпндяйхи
PC010068,CZC4344021,тхкхюк мхфецнпндяйхи
PC010069,RUA21004V0,тхкхюк мхфецнпндяйхи
PC010070,CZC9485ZZH,тхкхюк мхфецнпндяйхи
PC010071,CZC434408F,тхкхюк мхфецнпндяйхи
PC010072,CZC434408G,тхкхюк мхфецнпндяйхи
PC010073,CZC434401S,тхкхюк мхфецнпндяйхи
PC010074,RUA4090048,тхкхюк мхфецнпндяйхи
PC010075,CZC4312F0L,тхкхюк мхфецнпндяйхи
PC010077,RUA117000M,тхкхюк мхфецнпндяйхи
PC010083,RUA13303D9,тхкхюк мхфецнпндяйхи
PC010090,CZC434408X,тхкхюк мхфецнпндяйхи
PC010094,CZC5383010,тхкхюк мхфецнпндяйхи
PC010097,CZC75079MV,
PC010098,CZC74797HX,тхкхюк мхфецнпндяйхи
PC010101,CZC7317395,днонкмхрекэмши нтхя йпелкебяйхи
PC010101,RUA117000T,
PC010106,CZC5383012,тхкхюк мхфецнпндяйхи
PC010107,CZC4255582,
PC010118,CZC5471MC9,тхкхюк мхфецнпндяйхи
PC010119,CZC5471MB8,тхкхюк мхфецнпндяйхи
PC010120,CZC61273WB,тхкхюк мхфецнпндяйхи
PC010125,CZC42552QR,пецхнмюкэмше нтхяш/мхфецнпндяйхи йсяр/мхфмхи мнбцнпнд/дн-осьйхмяйхи
PC010126,CZC6427FSH,тхкхюк мхфецнпндяйхи
PC010127,CZC7508HS2,тхкхюк мхфецнпндяйхи
PC010129,CZC9485ZZY,
PC010130,CZC7457NB4,днонкмхрекэмши нтхя йпелкебяйхи
PC010131,CZC4312FLK,пецхнмюкэмше нтхяш/мхфецнпндяйхи йсяр/мхфмхи мнбцнпнд/тхкхюк-мхфецнпндяйхи
PC010132,CZC4312F0M,тхкхюк мхфецнпндяйхи
PC010133,RUA3300824,тхкхюк мхфецнпндяйхи
PC010134,CZC6427FV1,тхкхюк мхфецнпндяйхи
PC010135,RUA117000H,тхкхюк мхфецнпндяйхи
PC010136,CZC434401L,
PC010137,RUA11902WZ,тхкхюк мхфецнпндяйхи
PC010137,RUA24600KD,
PC010138,CZC434401Z,тхкхюк мхфецнпндяйхи
PC010139,CZC434409H,
PC010140,RUA252026F,тхкхюк мхфецнпндяйхи
PC010144,RUA3370401,тхкхюк мхфецнпндяйхи
PC010145,RUA33207C4,тхкхюк мхфецнпндяйхи
PC010146,CZC5022417,тхкхюк мхфецнпндяйхи
PC010147,CZC6337Z8F,тхкхюк мхфецнпндяйхи
PC010149,RUA21004V2,днонкмхрекэмши нтхя йпелкебяйхи
PC010150,CZC7508J6R,
PC010151,RUA409004D,тхкхюк мхфецнпндяйхи
PC010153,RUA40700G8,тхкхюк мхфецнпндяйхи
PC010154,RUA30602LX,днонкмхрекэмши нтхя йпелкебяйхи
PC010155,CZC646BC06,тхкхюк мхфецнпндяйхи
PC010156,CZC4344097,днонкмхрекэмши нтхя йпелкебяйхи
PC010157,CZC4312FL7,тхкхюк мхфецнпндяйхи
PC010158,CZC7197RYS,днонкмхрекэмши нтхя йпелкебяйхи
PC010159,CZC434400Y,тхкхюк мхфецнпндяйхи
PC010160,RUA21004WJ,тхкхюк мхфецнпндяйхи
PC010161,CZC434406D,тхкхюк мхфецнпндяйхи
PC010162,CZC642762F,тхкхюк мхфецнпндяйхи
PC010163,RUA34700SS,тхкхюк мхфецнпндяйхи
PC010164,CZC6147F7X,тхкхюк мхфецнпндяйхи
PC010165,CZC4344010,тхкхюк мхфецнпндяйхи
PC010166,CZC72772JZ,тхкхюк мхфецнпндяйхи
PC010167,CZC6147F8T,тхкхюк мхфецнпндяйхи
PC010168,CZC434400W,тхкхюк мхфецнпндяйхи
PC010169,CZC8370ZLJ,
PC010170,RUA40601GQ,тхкхюк мхфецнпндяйхи
PC010171,CZC642761C,тхкхюк мхфецнпндяйхи
PC010172,CZC646BC06,тхкхюк мхфецнпндяйхи
PC010173,Chassis Serial Number,днонкмхрекэмши нтхя йпелкебяйхи
PC010174,CZC4312FKV,тхкхюк мхфецнпндяйхи
PC010175,CZC42552S8,
PC010176,CZC434408T,тхкхюк мхфецнпндяйхи
PC010177,CZC7197RZ0,днонкмхрекэмши нтхя йпелкебяйхи
PC010178,CZC7197RYY,днонкмхрекэмши нтхя йпелкебяйхи
PC010179,CZC5393GHD,тхкхюк мхфецнпндяйхи
PC010180,RUA409005W,тхкхюк мхфецнпндяйхи
PC010181,RUA32303YP,днонкмхрекэмши нтхя йпелкебяйхи
PC010182,RUA32303ZS,днонкмхрекэмши нтхя йпелкебяйхи
PC010183,CZC42552MT,днонкмхрекэмши нтхя йпелкебяйхи
PC010184,RUA31000CY,
PC010185,CZC7357HLJ,тхкхюк мхфецнпндяйхи
PC010186,CZC42552QC,тхкхюк мхфецнпндяйхи
PC010187,RUA323040V,днонкмхрекэмши нтхя йпелкебяйхи
PC010188,CZC5393GGK,тхкхюк мхфецнпндяйхи
PC010189,CZC5393GGQ,тхкхюк мхфецнпндяйхи
PC010190,CZC7197RYT,днонкмхрекэмши нтхя йпелкебяйхи
PC010191,CZC7317358,днонкмхрекэмши нтхя йпелкебяйхи
PC010192,CZC4312FGD,тхкхюк мхфецнпндяйхи
PC010193,RUA33703Z1,тхкхюк мхфецнпндяйхи
PC010194,RUA40201CF,тхкхюк мхфецнпндяйхи
PC010195,CZC6427FRQ,днонкмхрекэмши нтхя йпелкебяйхи
PC010196,CZC75079R0,
PC010197,CZC75079MV,
PC010198,CZC9485ZY7,днонкмхрекэмши нтхя йпелкебяйхи
PC010199,HUB75204SK,
PC010201,CZC731735Q,днонкмхрекэмши нтхя йпелкебяйхи
PC010202,CZC75079R0,
PC010203,RUA249061D,тхкхюк мхфецнпндяйхи
PC010204,RUA30602MH,тхкхюк мхфецнпндяйхи
PC010205,CZC7508HLN,
PC010207,CZC42552QH,тхкхюк мхфецнпндяйхи
PC010209,CZC42552R2,тхкхюк мхфецнпндяйхи
PC010210,CZC4344087,днонкмхрекэмши нтхя йпелкебяйхи
PC010211,RUA0515KPQ,
PC010213,CZC5051K50,
PC010214,RUA33703Z8,днонкмхрекэмши нтхя йпелкебяйхи
PC010215,RUA318045V,
PC010215_,RUA3370401,
PC010219,RUA117000L,тхкхюк мхфецнпндяйхи
PC010220,CZC6427FRN,
PC010221,CZC642766L,
PC010222,CZC64276H1,тхкхюк мхфецнпндяйхи
PC010223,CZC93821SM,
PC010224,RUA213037G,тхкхюк мхфецнпндяйхи
PC010225,RUA117000G,днонкмхрекэмши нтхя йпелкебяйхи
PC010226,CZC5393GHV,тхкхюк мхфецнпндяйхи
PC010228,CZC6427FRX,тхкхюк мхфецнпндяйхи
PC010229,CZC4312FG6,
PC010230,CZC6427FVQ,тхкхюк мхфецнпндяйхи
PC010232,RUA250059W,тхкхюк мхфецнпндяйхи
PC010235,CZC7457RL0,
PC010237,RUA33009VP,
PC010240,RUA32303ZW,днонкмхрекэмши нтхя йпелкебяйхи
PC010241,CZC42552RL,днонкмхрекэмши нтхя йпелкебяйхи
PC010242,CZC434408S,тхкхюк мхфецнпндяйхи
PC010243,RUA252026M,тхкхюк мхфецнпндяйхи
PC010245,CZC6427FRN,тхкхюк мхфецнпндяйхи
PC010246,CZC5022413,тхкхюк мхфецнпндяйхи
PC010247,RUA3230416,днонкмхрекэмши нтхя йпелкебяйхи
PC010252,RUA3230419,днонкмхрекэмши нтхя йпелкебяйхи
PC010260,CZC434400T,днонкмхрекэмши нтхя йпелкебяйхи
PC010264,CZC6427FRJ,тхкхюк мхфецнпндяйхи
PC010265,CZC434406G,тхкхюк мхфецнпндяйхи
PC010267,CZC5393GGZ,тхкхюк мхфецнпндяйхи
PC010268,CZC42552S8,
PC010269,RUA21004WK,тхкхюк мхфецнпндяйхи
PC010270,CZC6427630,тхкхюк мхфецнпндяйхи
PC010271,CZC434400Q,тхкхюк мхфецнпндяйхи
PC010272,CZC7508J5R,
PC010273,RUA24600K0,
PC010274,CZC75079ND,
PC010275,CZC5471MB2,тхкхюк мхфецнпндяйхи
PC010276,CZC4344012,тхкхюк мхфецнпндяйхи
PC010277,RUA3300B23,тхкхюк мхфецнпндяйхи
PC010278,RUA213037Q,тхкхюк мхфецнпндяйхи
PC010279,RUA3370403,тхкхюк мхфецнпндяйхи
PC010280,CZC9495SP1,тхкхюк мхфецнпндяйхи
PC010281,RUA2490609,тхкхюк мхфецнпндяйхи
PC010282,RUA2490607,тхкхюк мхфецнпндяйхи
PC010283,CZC75079QC,
PC010284,CZC72772J8,тхкхюк мхфецнпндяйхи
PC010285,CZC7197Q5P,днонкмхрекэмши нтхя йпелкебяйхи
PC010286,CZC7457DGR,днонкмхрекэмши нтхя йпелкебяйхи
PC010287,RUA33703Z1,
PC010288,CZC434409K,днонкмхрекэмши нтхя йпелкебяйхи
PC010288W,CZC8370ZKK,
PC010289,RUA318045B,тхкхюк мхфецнпндяйхи
PC010290,RUA318045S,днонкмхрекэмши нтхя йпелкебяйхи
PC010291,CZC7197RYX,днонкмхрекэмши нтхя йпелкебяйхи
PC010292,CZC6427622,тхкхюк мхфецнпндяйхи
PC010293,RUA318044R,тхкхюк мхфецнпндяйхи
PC010294,CZC75079RC,тхкхюк мхфецнпндяйхи
PC010295,CZC6427FVH,днонкмхрекэмши нтхя йпелкебяйхи
PC010296,RUA32303YD,тхкхюк мхфецнпндяйхи
PC010297,RUA32303ZY,тхкхюк мхфецнпндяйхи
PC010298,CZC75079RS,тхкхюк мхфецнпндяйхи
PC010299,CZC8047JT8,днонкмхрекэмши нтхя йпелкебяйхи
PC010300,CZC9485ZZ6,
PC010301,RUA32303YB,тхкхюк мхфецнпндяйхи
PC010302,CZC5421096,тхкхюк мхфецнпндяйхи
PC010303,CZC746954M,
PC010304,RUA318042N,днонкмхрекэмши нтхя йпелкебяйхи
PC010305,RUA30602M1,тхкхюк мхфецнпндяйхи
PC010306,CZC7457DF8,днонкмхрекэмши нтхя йпелкебяйхи
PC010307,CZC6427FVD,тхкхюк мхфецнпндяйхи
PC010308,RUA33009ZJ,днонкмхрекэмши нтхя йпелкебяйхи
PC010309,RUA3300B06,тхкхюк мхфецнпндяйхи
PC010310,RUA33009TN,днонкмхрекэмши нтхя йпелкебяйхи
PC010311,RUA33009V9,днонкмхрекэмши нтхя йпелкебяйхи
PC010312,CZC7457DDY,днонкмхрекэмши нтхя йпелкебяйхи
PC010313,RUA33009V6,тхкхюк мхфецнпндяйхи
PC010314,CZC4423DV5,тхкхюк мхфецнпндяйхи
PC010315,CZC7357J1N,тхкхюк мхфецнпндяйхи
PC010316,RUA33009ZR,тхкхюк мхфецнпндяйхи
PC010317,RUA3300B24,тхкхюк мхфецнпндяйхи
PC010318,CZC4344087,днонкмхрекэмши нтхя йпелкебяйхи
PC010319,RUA33207GG,днонкмхрекэмши нтхя йпелкебяйхи
PC010320,RUA332076T,тхкхюк мхфецнпндяйхи
PC010321,CZC502242Q,тхкхюк мхфецнпндяйхи
PC010321,RUA3320773,
PC010322,RUA332078S,днонкмхрекэмши нтхя йпелкебяйхи
PC010323,RUA117000M,
PC010324,RUA332076W,тхкхюк мхфецнпндяйхи
PC010325,RUA3300B0V,
PC010326,CZC538300C,тхкхюк мхфецнпндяйхи
PC010327,CZC7357J0S,тхкхюк мхфецнпндяйхи
PC010328,CZC5383011,тхкхюк мхфецнпндяйхи
PC010329,RUA332077F,днонкмхрекэмши нтхя йпелкебяйхи
PC010330,RUA33207FD,днонкмхрекэмши нтхя йпелкебяйхи
PC010331,CZC5382ZZN,тхкхюк мхфецнпндяйхи
PC010332,RUA22003J6,тхкхюк мхфецнпндяйхи
PC010333,CZC42552S1,тхкхюк мхфецнпндяйхи
PC010334,CZC5382ZZZ,тхкхюк мхфецнпндяйхи
PC010335,RUA33703Z9,днонкмхрекэмши нтхя йпелкебяйхи
PC010336,RUA33009Z0,тхкхюк мхфецнпндяйхи
PC010337,RUA3300B1D,тхкхюк мхфецнпндяйхи
PC010338,RUA332078V,днонкмхрекэмши нтхя йпелкебяйхи
PC010339,CZC6427FTS,днонкмхрекэмши нтхя йпелкебяйхи
PC010340,RUA34700RX,тхкхюк мхфецнпндяйхи
PC010341,RUA34700VJ,тхкхюк мхфецнпндяйхи
PC010342,RUA13303DK,тхкхюк мхфецнпндяйхи
PC010343,CZC642761C,
PC010344,CZC434400D,тхкхюк мхфецнпндяйхи
PC010345,CZC7467GKT,тхкхюк мхфецнпндяйхи
PC010346,RUA33207FV,
PC010347,CZC5471MC7,пецхнмюкэмше нтхяш/мхфецнпндяйхи йсяр/мхфмхи мнбцнпнд/тхкхюк-мхфецнпндяйхи
PC010348,RUA40201D2,тхкхюк мхфецнпндяйхи
PC010349,RUA40201D4,тхкхюк мхфецнпндяйхи
PC010350,RUA40201GR,днонкмхрекэмши нтхя йпелкебяйхи
PC010352,RUA33009Z3,днонкмхрекэмши нтхя йпелкебяйхи
PC010353,CZC5022415,
PC010354,CZC7357HMD,тхкхюк мхфецнпндяйхи
PC010355,CZC7197Q5J,днонкмхрекэмши нтхя йпелкебяйхи
PC010356,CZC5393GHV,тхкхюк мхфецнпндяйхи
PC010357,RUA40201C4,днонкмхрекэмши нтхя йпелкебяйхи
PC010358,CZC42552SK,днонкмхрекэмши нтхя йпелкебяйхи
PC010359,CZC42552T0,днонкмхрекэмши нтхя йпелкебяйхи
PC010360,CZC7508HQN,
PC010361,RUA22003JD,днонкмхрекэмши нтхя йпелкебяйхи
PC010362,RUA12902H2,днонкмхрекэмши нтхя йпелкебяйхи
PC010363,CZC5382ZZG,тхкхюк мхфецнпндяйхи
PC010364,RUA249060N,днонкмхрекэмши нтхя йпелкебяйхи
PC010365,CZC5471MBJ,тхкхюк мхфецнпндяйхи
PC010366,CZC4312F1Y,тхкхюк мхфецнпндяйхи
PC010367,CZC434401B,тхкхюк мхфецнпндяйхи
PC010368,CZC75079ND,
PC010369,CZC434400N,днонкмхрекэмши нтхя йпелкебяйхи
PC010370,CZC42555D2,
PC010371,CZC5141KRG,тхкхюк мхфецнпндяйхи
PC010372,CZC5393GJ5,днонкмхрекэмши нтхя йпелкебяйхи
PC010373,CZC5382ZZK,тхкхюк мхфецнпндяйхи
PC010374,CZC434400R,днонкмхрекэмши нтхя йпелкебяйхи
PC010375,CZC434402W,тхкхюк мхфецнпндяйхи
PC010376,RUA213037X,тхкхюк мхфецнпндяйхи
PC010376_,CZC4312F1P,
PC010377,CZC5141KR3,тхкхюк мхфецнпндяйхи
PC010378,CZC6427FTM,
PC010400,CZC5411J7J,тхкхюк мхфецнпндяйхи
PC010401,CZC7197Q5R,тхкхюк мхфецнпндяйхи
PC010402,CZC7197Q5Q,тхкхюк мхфецнпндяйхи
PC010403,CZC731739H,тхкхюк мхфецнпндяйхи
PC010404,CZC4312FG6,
PC010405,CZC7508HLN,
PC010406,CZC7508HJX,
PC010407,RUA3300B0D,
PC010408,CZC42552T3,
PC010410,CZC4344001,
PC010411,CZC7457RMB,
PC010412,CZC7457DGP,
PC010413,CZC7457RM9,
PC010414,CZC5022413,
PC010415,RUA402018Y,
PC010416,RUA3230419,
PC010777,CZC75079R9,тхкхюк мхфецнпндяйхи
PC011003,HUB8030YW7,
PC012002,CZC83708L3,
PC012003,RUA249061C,днонкмхрекэмши нтхя йпелкебяйхи
PC012004,CZC42552MH,тхкхюк мхфецнпндяйхи
PC012005,CZC4255599,тхкхюк мхфецнпндяйхи
PC012007,CZC42552RK,тхкхюк мхфецнпндяйхи
PC012008,CZC9485ZX2,тхкхюк мхфецнпндяйхи
PC012012,RUA213035L,
PC012016,CZC83708JX,
PC012017,CZC83708JX,
PC012018,RUA35205QC,
PC012019,RUA11902VL,
PC012020,CZC83695Y7,
PC012022,CZC83695YR,
PC012025,RUA249061J,днонкмхрекэмши нтхя йпелкебяйхи
PC012027,CZC42552TQ,
PC012031,CZC5411J73,тхкхюк мхфецнпндяйхи
PC012033,RUA40700G5,тхкхюк мхфецнпндяйхи
PC012034,CZC6427679,тхкхюк мхфецнпндяйхи
PC012037,RUA35205QS,
PC012038,CZC902755X,
PC012039,RUA35205R3,
PC012040,RUA35205RG,
PC012041,RUA35205GQ,
PC012042,CZC83708L4,
PC012043,RUA00803YM,
PC012046,RUA35205QG,
PC012047,RUA35205RJ,
PC012048,RUA35205G9,
PC012050,RUA22304NY,
PC012051,CZC3025JY5,
PC012052,RUA323040R,тхкхюк мхфецнпндяйхи
PC012053,RUA32303YF,тхкхюк мхфецнпндяйхи
PC01BB1016A,CZC434400L,
PC01BB1016B,CZC434400R,
PC01BCP01,CZC6427FRQ,
PC01BCP03,CZC7317358,
PC01BCP09,CZC42555D2,
,,
,,
,,
,,
,,
,,
,,
,,
,,
PC01GOPRO,CZC4344093,
PC01RC0483A,RUA2490615,тхкхюк мхфецнпндяйхи
PC01RC0483B,RUA308005R,тхкхюк мхфецнпндяйхи
PC01RC0483C,CZC7508J72,тхкхюк мхфецнпндяйхи
PC01RC0483D,CZC75079RP,тхкхюк мхфецнпндяйхи
PC01RC0483E,RUA249061L,тхкхюк мхфецнпндяйхи
PC01RC0483EMB,CZC5022417,тхкхюк мхфецнпндяйхи
PC01RC0483F,RUA250059X,тхкхюк мхфецнпндяйхи
PC01RC0483G,CZC42555DQ,тхкхюк мхфецнпндяйхи
PC01RC0483H,RUA34700W6,
PC01RC0483I,CZC7357HWS,
PC01RC0483J,Chassis Serial Number,
PC01RC0483K,RUA250059S,тхкхюк мхфецнпндяйхи
PC01RC0483L,CND4349NLK,
PC01RC0483M,CZC4312F22,
PC01RC0483N,CZC7457DFP,тхкхюк мхфецнпндяйхи
PC01RC0483O,CZC7457DFP,
PC01RC0483P,CZC4312F12,
PC01RC0483S,CZC42552TN,тхкхюк мхфецнпндяйхи
PC01RC0483Z,RUA2490616,тхкхюк мхфецнпндяйхи
PC01RC0508A,CZC4477GR7,тхкхюк мхфецнпндяйхи
PC01RC0508B,CZC4477GQ4,тхкхюк мхфецнпндяйхи
PC01RC0508C,CZC4477GNV,тхкхюк мхфецнпндяйхи
PC01RC0508E,CZC4477GP2,тхкхюк мхфецнпндяйхи
PC01RC0508G,CZC4477GP4,тхкхюк мхфецнпндяйхи
PC01RC0508I,CZC4477GQV,
PC01RC0508J,CZC4477GMK,тхкхюк мхфецнпндяйхи
PC01RC0508L,CZC4477GNY,тхкхюк мхфецнпндяйхи
PC01RC0508M,CZC4477GNM,тхкхюк мхфецнпндяйхи
PC01RC0508N,CZC4477GN0,тхкхюк мхфецнпндяйхи
PC01RC0508N1,CND447CX5Q,
PC01RC0508N2,CND4355MQC,
PC01RC0508N3,CND447CX4Q,
PC01RC0508N4,CND4355MPS,
PC01RC0508N5,CND447CX5P,
PC01RC0508O,CZC4477GPP,тхкхюк мхфецнпндяйхи
PC01RC0508P,CZC4477GNJ,тхкхюк мхфецнпндяйхи
PC01RC0508S,CZC4477GQ2,тхкхюк мхфецнпндяйхи
PC01RC0508Z,CZC4477GMK,тхкхюк мхфецнпндяйхи
PC01RC0700A,RUA32303YT,днонкмхрекэмши нтхя йпелкебяйхи
PC01RC0700B,RUA249061N,днонкмхрекэмши нтхя йпелкебяйхи
PC01RC0700C,CZC5393GGY,днонкмхрекэмши нтхя йпелкебяйхи
PC01RC0700D,CZC42552R3,днонкмхрекэмши нтхя йпелкебяйхи
PC01RC0700E,RUA249060T,днонкмхрекэмши нтхя йпелкебяйхи
PC01RC0700EMB,CZC4312FHC,
PC01RC0700EMB2,CZC4312F0Y,
PC01RC0700F,RUA2490619,днонкмхрекэмши нтхя йпелкебяйхи
PC01RC0700G,RUA2490617,днонкмхрекэмши нтхя йпелкебяйхи
PC01RC0700H,CZC5393GH3,днонкмхрекэмши нтхя йпелкебяйхи
PC01RC0700I,CZC434400L,днонкмхрекэмши нтхя йпелкебяйхи
PC01RC0700J,CZC502243Z,днонкмхрекэмши нтхя йпелкебяйхи
PC01RC0700K,RUA40201C9,днонкмхрекэмши нтхя йпелкебяйхи
PC01RC0700N,CND4349NNM,
PC01RC0700S,HUB75204V3,днонкмхрекэмши нтхя йпелкебяйхи
PC01RC0740A,RUA3370403,йпедхрмн-йюяянбши нтхя мхфмхи мнбцнпнд-леыепяйхи
PC01RC0740B,CZC4477GQB,йпедхрмн-йюяянбши нтхя мхфмхи мнбцнпнд-леыепяйхи
PC01RC0740C,RUA3080052,йпедхрмн-йюяянбши нтхя мхфмхи мнбцнпнд-леыепяйхи
PC01RC0740D,RUA30801DB,йпедхрмн-йюяянбши нтхя мхфмхи мнбцнпнд-леыепяйхи
PC01RC0740E,RUA308005S,йпедхрмн-йюяянбши нтхя мхфмхи мнбцнпнд-леыепяйхи
PC01RC0740F,RUA13303D7,йпедхрмн-йюяянбши нтхя мхфмхи мнбцнпнд-леыепяйхи
PC01RC0740G,RUA30801C6,йпедхрмн-йюяянбши нтхя мхфмхи мнбцнпнд-леыепяйхи
PC01RC0740H,CZC8047JTD,йпедхрмн-йюяянбши нтхя мхфмхи мнбцнпнд-леыепяйхи
PC01RC0740I,RUA30801C8,йпедхрмн-йюяянбши нтхя мхфмхи мнбцнпнд-леыепяйхи
PC01RC0740J,RUA31000CC,
PC01RC0740K,CZC7357HMX,йпедхрмн-йюяянбши нтхя мхфмхи мнбцнпнд-леыепяйхи
PC01RC0740L,CZC6427FRS,йпедхрмн-йюяянбши нтхя мхфмхи мнбцнпнд-леыепяйхи
PC01RC0740M,RUA33207FV,йпедхрмн-йюяянбши нтхя мхфмхи мнбцнпнд-леыепяйхи
PC01RC0740S,CZC4293GGN,йпедхрмн-йюяянбши нтхя мхфмхи мнбцнпнд-леыепяйхи
PC01RC0740Z,RUA30801C4,йпедхрмн-йюяянбши нтхя мхфмхи мнбцнпнд-леыепяйхи
PC01RC0790A,CZC6337ZFY,йпедхрмн-йюяянбши нтхя мхфмхи мнбцнпнд-гюпевэе
PC01RC0790B,CZC6337ZG5,йпедхрмн-йюяянбши нтхя мхфмхи мнбцнпнд-гюпевэе
PC01RC0790C,CZC642762W,йпедхрмн-йюяянбши нтхя мхфмхи мнбцнпнд-гюпевэе
PC01RC0790D,CZC6427FR0,йпедхрмн-йюяянбши нтхя мхфмхи мнбцнпнд-гюпевэе
PC01RC0790E,CZC64276CB,йпедхрмн-йюяянбши нтхя мхфмхи мнбцнпнд-гюпевэе
PC01RC0790F,CZC6337ZDS,йпедхрмн-йюяянбши нтхя мхфмхи мнбцнпнд-гюпевэе
PC01RC0790G,CZC64276DJ,йпедхрмн-йюяянбши нтхя мхфмхи мнбцнпнд-гюпевэе
PC01RC0790H,CZC6337ZFW,йпедхрмн-йюяянбши нтхя мхфмхи мнбцнпнд-гюпевэе
PC01RC0790J,RUA33009ZK,йпедхрмн-йюяянбши нтхя мхфмхи мнбцнпнд-гюпевэе
PC01RC0790K,CZC72772JB,йпедхрмн-йюяянбши нтхя мхфмхи мнбцнпнд-гюпевэе
PC01RC0790L,RUA21205VK,
PC01RC0790M,CZC434400P,йпедхрмн-йюяянбши нтхя мхфмхи мнбцнпнд-гюпевэе
PC01RC0790N,Chassis Serial Number,
PC01RC0790O,CZC642761C,
PC01RC0790P,pcwva0ke26v3ht,йпедхрмн-йюяянбши нтхя мхфмхи мнбцнпнд-гюпевэе
PC01RC0790P,pcwva0ke26v3ht,
PC01RC0790Q,RUA24600JN,
PC01RC0790S,CZC434401J,йпедхрмн-йюяянбши нтхя мхфмхи мнбцнпнд-гюпевэе
PC01RC0790Z,CZC6337ZB3,йпедхрмн-йюяянбши нтхя мхфмхи мнбцнпнд-гюпевэе
PC01RC0831A,RUA3230412,йпедхрмн-йюяянбши нтхя янплнбяйхи
PC01RC0831B,RUA323040M,йпедхрмн-йюяянбши нтхя янплнбяйхи
PC01RC0831C,RUA318043N,йпедхрмн-йюяянбши нтхя янплнбяйхи
PC01RC0831D,RUA3230411,йпедхрмн-йюяянбши нтхя янплнбяйхи
PC01RC0831E,RUA249061B,йпедхрмн-йюяянбши нтхя янплнбяйхи
PC01RC0831F,RUA3230414,йпедхрмн-йюяянбши нтхя янплнбяйхи
PC01RC0831G,CZC7457NB8,йпедхрмн-йюяянбши нтхя янплнбяйхи
PC01RC0831H,CZC425558D,йпедхрмн-йюяянбши нтхя янплнбяйхи
PC01RC0831K,RUA318045G,
PC01RC0831N,CND4349NJ0,
PC01RC0831S,RUA318044P,йпедхрмн-йюяянбши нтхя янплнбяйхи
PC01RC0835A,RUA323040L,йпедхрмн-йюяянбши нтхя цнпэйнбяйхи
PC01RC0835B,RUA32303Y9,йпедхрмн-йюяянбши нтхя цнпэйнбяйхи
PC01RC0835C,RUA32303YG,йпедхрмн-йюяянбши нтхя цнпэйнбяйхи
PC01RC0835D,RUA323040P,йпедхрмн-йюяянбши нтхя цнпэйнбяйхи
PC01RC0835E,RUA32303YK,йпедхрмн-йюяянбши нтхя цнпэйнбяйхи
PC01RC0835F,CZC7357J7B,йпедхрмн-йюяянбши нтхя цнпэйнбяйхи
PC01RC0835G,RUA323040Q,йпедхрмн-йюяянбши нтхя цнпэйнбяйхи
PC01RC0835H,CZC425559K,йпедхрмн-йюяянбши нтхя цнпэйнбяйхи
PC01RC0835I,RUA33009ZH,йпедхрмн-йюяянбши нтхя цнпэйнбяйхи
PC01RC0835K,CZC7118JK4,йпедхрмн-йюяянбши нтхя цнпэйнбяйхи
PC01RC0835M,CZC7118JNF,йпедхрмн-йюяянбши нтхя цнпэйнбяйхи
PC01RC0835N,CZC7118JK3,йпедхрмн-йюяянбши нтхя цнпэйнбяйхи
PC01RC0835S,RUA323040W,йпедхрмн-йюяянбши нтхя цнпэйнбяйхи
PC01RC0835Z,CZC7118JKX,йпедхрмн-йюяянбши нтхя цнпэйнбяйхи
PC01SKM01,CZC3025JYR,
PC01SKM02,RUA04444QN,
PC01SKM05,CZC4374HCN,
PC01SKM06,CZC4374H91,
PC01SKM08,CZC4374H8S,
PC01SKM10,CZC4374HPS,
PC01SKM11,CZC4374HN2,
PC01SKM12,CZC4374HQF,
PC01SKM13,CZC4374HQ9,
PC01SKM14,CZC4374H8X,
PC01SKM15,CZC4374HLY,
PC01SKM16,CZC4374HQ6,
PC01SKUD-2900,CZC518046H,
PC01SKUD-2942,CZC518044L,
PC01VIDEO-29428,CZC434408D,днонкмхрекэмши нтхя йпелкебяйхи
PC01W10092018,CZC75079QC,
